{"Epochs": [0, 1, 2, 3, 4, 5, 6, 7, 8, 9, 10, 11, 12, 13, 14, 15, 16, 17, 18, 19, 20, 21, 22, 23, 24, 25, 26, 27, 28, 29, 30, 31, 32, 33, 34, 35, 36, 37, 38, 39, 40, 41, 42, 43, 44, 45, 46, 47, 48, 49, 50, 51, 52, 53, 54, 55, 56, 57, 58, 59, 60, 61, 62, 63, 64, 65, 66, 67, 68, 69, 70, 71, 72, 73, 74, 75, 76, 77, 78, 79, 80, 81, 82, 83, 84, 85, 86, 87, 88, 89, 90, 91, 92, 93, 94, 95, 96, 97, 98, 99], "Train Loss": [0.8750390991554582, 0.7263059117923053, 0.6692211448232719, 0.6698467313106037, 0.6573350015639663, 0.6199562089458868, 0.589302471066625, 0.5498905223647169, 0.5384735689709103, 0.529715358148264, 0.5317485142320926, 0.500312793243666, 0.48592430403503284, 0.4895214263371911, 0.47919924929621516, 0.4843603378167032, 0.4591804817015952, 0.47278698780106354, 0.455114169533938, 0.45558335939943695, 0.4426024397873006, 0.4458867688457929, 0.4361901782921489, 0.4441664060056303, 0.4361901782921489, 0.42868314044416644, 0.4216452924616828, 0.4288395370659994, 0.42258367219268067, 0.41679699718486085, 0.41601501407569597, 0.4130434782608695, 0.41742258367219265, 0.4150766343446981, 0.4222708789490147, 0.41820456678135753, 0.41413825461370035, 0.4139818579918674, 0.4113231154207069, 0.41476384110103226, 0.4124178917735377, 0.4130434782608695, 0.4146074444791993, 0.4080387863622146, 0.4092899593368783, 0.4106975289333751, 0.4163278073193619, 0.4183609634031905, 0.4106975289333751, 0.41288708163903665, 0.4138254613700344, 0.41492023772286524, 0.41022833906787615, 0.4131998748827025, 0.41351266812636844, 0.4139818579918674, 0.40835157960588053, 0.4125742883953707, 0.41413825461370035, 0.4144510478573663, 0.4163278073193619, 0.40835157960588053, 0.40944635595871126, 0.41210509852987176, 0.41538942758836406, 0.41147951204253985, 0.4086643728495465, 0.41163590866437283, 0.4072568032530497, 0.41429465123553333, 0.41601501407569597, 0.4105411323115421, 0.4106975289333751, 0.41554582421019703, 0.4111667187988739, 0.4103847356897091, 0.41288708163903665, 0.41617141069752894, 0.4071004066312167, 0.41804817015952456, 0.41147951204253985, 0.41085392555520805, 0.4077259931185486, 0.41226149515170474, 0.4091335627150453, 0.4105411323115421, 0.40835157960588053, 0.41929934313418826, 0.41163590866437283, 0.4164842039411949, 0.41351266812636844, 0.4119487019080388, 0.41335627150453547, 0.4050672505473881, 0.41288708163903665, 0.41413825461370035, 0.4050672505473881, 0.41351266812636844, 0.4131998748827025, 0.41022833906787615], "Validation Loss": [0.875, 0.79625, 0.775, 0.75625, 0.7324999999999999, 0.71625, 0.68125, 0.65, 0.64375, 0.60625, 0.61, 0.56875, 0.5862499999999999, 0.5775, 0.57875, 0.5575, 0.5587500000000001, 0.5662499999999999, 0.5449999999999999, 0.5762499999999999, 0.57125, 0.5475, 0.5525, 0.5525, 0.5549999999999999, 0.5387500000000001, 0.5387500000000001, 0.55, 0.5487500000000001, 0.5475, 0.54, 0.5237499999999999, 0.5425, 0.5349999999999999, 0.5225, 0.5349999999999999, 0.5375, 0.54125, 0.5349999999999999, 0.5449999999999999, 0.53375, 0.54125, 0.54125, 0.5375, 0.54375, 0.5375, 0.53125, 0.54625, 0.5325, 0.55, 0.54375, 0.5387500000000001, 0.5449999999999999, 0.5349999999999999, 0.5425, 0.52125, 0.5375, 0.5525, 0.54375, 0.55, 0.54, 0.55125, 0.5237499999999999, 0.54, 0.53, 0.52875, 0.52625, 0.53625, 0.5375, 0.52875, 0.5349999999999999, 0.5325, 0.5525, 0.54125, 0.51625, 0.5387500000000001, 0.5349999999999999, 0.54, 0.5375, 0.53125, 0.5375, 0.5449999999999999, 0.54375, 0.52625, 0.55125, 0.54, 0.55375, 0.52625, 0.53375, 0.5587500000000001, 0.5325, 0.5237499999999999, 0.54375, 0.54125, 0.5349999999999999, 0.5425, 0.53625, 0.5349999999999999, 0.54125, 0.5325], "Train Acc": [0.12496090084454176, 0.2736940882076947, 0.33077885517672817, 0.3301532686893963, 0.34266499843603376, 0.38004379105411323, 0.410697528933375, 0.4501094776352831, 0.46152643102908975, 0.470284641851736, 0.4682514857679074, 0.49968720675633405, 0.5140756959649672, 0.5104785736628089, 0.5208007507037848, 0.5156396621832968, 0.5408195182984048, 0.5272130121989365, 0.544885830466062, 0.544416640600563, 0.5573975602126994, 0.5541132311542071, 0.5638098217078511, 0.5558335939943697, 0.5638098217078511, 0.5713168595558336, 0.5783547075383172, 0.5711604629340006, 0.5774163278073193, 0.5832030028151391, 0.583984985924304, 0.5869565217391305, 0.5825774163278074, 0.5849233656553019, 0.5777291210509853, 0.5817954332186425, 0.5858617453862996, 0.5860181420081326, 0.5886768845792931, 0.5852361588989677, 0.5875821082264623, 0.5869565217391305, 0.5853925555208007, 0.5919612136377854, 0.5907100406631217, 0.5893024710666249, 0.5836721926806381, 0.5816390365968095, 0.5893024710666249, 0.5871129183609634, 0.5861745386299656, 0.5850797622771348, 0.5897716609321239, 0.5868001251172975, 0.5864873318736316, 0.5860181420081326, 0.5916484203941195, 0.5874257116046293, 0.5858617453862996, 0.5855489521426337, 0.5836721926806381, 0.5916484203941195, 0.5905536440412887, 0.5878949014701282, 0.5846105724116359, 0.5885204879574601, 0.5913356271504535, 0.5883640913356272, 0.5927431967469503, 0.5857053487644667, 0.583984985924304, 0.5894588676884579, 0.5893024710666249, 0.584454175789803, 0.5888332812011261, 0.5896152643102909, 0.5871129183609634, 0.5838285893024711, 0.5928995933687833, 0.5819518298404754, 0.5885204879574601, 0.589146074444792, 0.5922740068814514, 0.5877385048482953, 0.5908664372849547, 0.5894588676884579, 0.5916484203941195, 0.5807006568658117, 0.5883640913356272, 0.5835157960588051, 0.5864873318736316, 0.5880512980919612, 0.5866437284954645, 0.5949327494526119, 0.5871129183609634, 0.5858617453862996, 0.5949327494526119, 0.5864873318736316, 0.5868001251172975, 0.5897716609321239], "Validation Acc": [0.125, 0.20375, 0.225, 0.24375, 0.2675, 0.28375, 0.31875, 0.35, 0.35625, 0.39375, 0.39, 0.43125, 0.41375, 0.4225, 0.42125, 0.4425, 0.44125, 0.43375, 0.455, 0.42375, 0.42875, 0.4525, 0.4475, 0.4475, 0.445, 0.46125, 0.46125, 0.45, 0.45125, 0.4525, 0.46, 0.47625, 0.4575, 0.465, 0.4775, 0.465, 0.4625, 0.45875, 0.465, 0.455, 0.46625, 0.45875, 0.45875, 0.4625, 0.45625, 0.4625, 0.46875, 0.45375, 0.4675, 0.45, 0.45625, 0.46125, 0.455, 0.465, 0.4575, 0.47875, 0.4625, 0.4475, 0.45625, 0.45, 0.46, 0.44875, 0.47625, 0.46, 0.47, 0.47125, 0.47375, 0.46375, 0.4625, 0.47125, 0.465, 0.4675, 0.4475, 0.45875, 0.48375, 0.46125, 0.465, 0.46, 0.4625, 0.46875, 0.4625, 0.455, 0.45625, 0.47375, 0.44875, 0.46, 0.44625, 0.47375, 0.46625, 0.44125, 0.4675, 0.47625, 0.45625, 0.45875, 0.465, 0.4575, 0.46375, 0.465, 0.45875, 0.4675]}